{
    "covenant": [
        {
            "name": "drinol",
            "position_additive": [0.0, 0.0, 0.0],
            "bounding_box_verts": [
                [-71.72550201416016, -168.28750610351562, 0.0], 
                [-71.72550201416016, -168.28750610351562, 196.16400146484375], 
                [-71.72550201416016, 168.28750610351562, 0.0], 
                [-71.72550201416016, 168.28750610351562, 196.16400146484375], 
                [71.72550201416016, -168.28750610351562, 0.0], 
                [71.72550201416016, -168.28750610351562, 196.16400146484375], 
                [71.72550201416016, 168.28750610351562, 0.0], 
                [71.72550201416016, 168.28750610351562, 196.16400146484375]
            ],
            "bounding_box_polys": [
                [0, 1, 3, 2], 
                [2, 3, 7, 6], 
                [6, 7, 5, 4], 
                [4, 5, 1, 0], 
                [2, 6, 4, 0], 
                [7, 3, 1, 5]
            ],
            "variants": [
                "digsite\\characters\\drinol\\00_mac\\drinol"
            ]
        },
        {
            "name": "slug_man",
            "position_additive": [0.0, 0.0, 0.0],
            "bounding_box_verts":  [
                [-8.851499557495117, -19.36764907836914, 0.0], 
                [-8.851499557495117, -19.36764907836914, 61.30099868774414], 
                [-8.851499557495117, 19.36764907836914, 0.0], 
                [-8.851499557495117, 19.36764907836914, 61.30099868774414], 
                [8.851499557495117, -19.36764907836914, 0.0], 
                [8.851499557495117, -19.36764907836914, 61.30099868774414], 
                [8.851499557495117, 19.36764907836914, 0.0], 
                [8.851499557495117, 19.36764907836914, 61.30099868774414]
            ],
            "bounding_box_polys": [
                [0, 1, 3, 2], 
                [2, 3, 7, 6], 
                [6, 7, 5, 4], 
                [4, 5, 1, 0], 
                [2, 6, 4, 0], 
                [7, 3, 1, 5]
            ],
            "variants": [
                "digsite\\characters\\slug_man\\slug_man particle beam",
                "digsite\\characters\\slug_man\\slug_man plasma pistol"
            ]
        }
    ]
}