{
    "human": [
        {
            "name": "marine",
            "position_additive": [0.0, 0.0, 0.0],
            "bounding_box_verts": [
                [-6.921000003814697, -32.9995002746582, 0.0], 
                [-6.921000003814697, -32.9995002746582, 63.498600006103516], 
                [-6.921000003814697, 32.9995002746582, 0.0], 
                [-6.921000003814697, 32.9995002746582, 63.498600006103516], 
                [6.921000003814697, -32.9995002746582, 0.0], 
                [6.921000003814697, -32.9995002746582, 63.498600006103516], 
                [6.921000003814697, 32.9995002746582, 0.0], 
                [6.921000003814697, 32.9995002746582, 63.498600006103516]
            ],
            "bounding_box_polys": [
                [0, 1, 3, 2], 
                [2, 3, 7, 6], 
                [6, 7, 5, 4], 
                [4, 5, 1, 0], 
                [2, 6, 4, 0], 
                [7, 3, 1, 5]
            ],
            "variants": [
                "characters\\marine\\marine assault rifle major",
                "characters\\marine\\marine assault rifle",
                "characters\\marine\\marine needler",
                "characters\\marine\\marine plasma rifle",
                "characters\\marine\\marine shotgun"
            ]
        },
        {
            "name": "marine_armored",
            "position_additive": [0.0, 0.0, 0.0],
            "bounding_box_verts": [
                [-6.921000003814697, -32.9995002746582, 0.0], 
                [-6.921000003814697, -32.9995002746582, 63.498600006103516], 
                [-6.921000003814697, 32.9995002746582, 0.0], 
                [-6.921000003814697, 32.9995002746582, 63.498600006103516], 
                [6.921000003814697, -32.9995002746582, 0.0], 
                [6.921000003814697, -32.9995002746582, 63.498600006103516], 
                [6.921000003814697, 32.9995002746582, 0.0], 
                [6.921000003814697, 32.9995002746582, 63.498600006103516]
            ],
            "bounding_box_polys": [
                [0, 1, 3, 2], 
                [2, 3, 7, 6], 
                [6, 7, 5, 4], 
                [4, 5, 1, 0], 
                [2, 6, 4, 0], 
                [7, 3, 1, 5]
            ],
            "variants": [
                "characters\\marine_armored\\marine_armored assault rifle major",
                "characters\\marine_armored\\marine_armored assault rifle",
                "characters\\marine_armored\\marine_armored needler",
                "characters\\marine_armored\\marine_armored plasma rifle major",
                "characters\\marine_armored\\marine_armored plasma rifle",
                "characters\\marine_armored\\marine_armored shotgun major",
                "characters\\marine_armored\\marine_armored sniper rifle major",
                "characters\\marine_armored\\marine_armored sniper rifle"
            ]
        }
    ],
    "covenant": [
        {
            "name": "elite",
            "position_additive": [0.0, 0.0, 0.0],
            "bounding_box_verts": [
                [-16.14900016784668, -19.454099655151367, 0.0], 
                [-16.14900016784668, -19.454099655151367, 78.74310302734375], 
                [-16.14900016784668, 19.454099655151367, 0.0], 
                [-16.14900016784668, 19.454099655151367, 78.74310302734375], 
                [16.14900016784668, -19.454099655151367, 0.0], 
                [16.14900016784668, -19.454099655151367, 78.74310302734375], 
                [16.14900016784668, 19.454099655151367, 0.0], 
                [16.14900016784668, 19.454099655151367, 78.74310302734375]
            ],
            "bounding_box_polys": [
                [0, 1, 3, 2], 
                [2, 3, 7, 6], 
                [6, 7, 5, 4], 
                [4, 5, 1, 0], 
                [2, 6, 4, 0], 
                [7, 3, 1, 5]
            ],
            "variants": [
                "characters\\elite\\elite commander\\elite commander energy sword",
                "characters\\elite\\elite commander\\elite commander plasma rifle",
                "characters\\elite\\elite major\\elite major needler",
                "characters\\elite\\elite major\\elite major plasma rifle",
                "characters\\elite\\elite minor\\elite minor needler",
                "characters\\elite\\elite minor\\elite minor plasma rifle ranged",
                "characters\\elite\\elite minor\\elite minor plasma rifle",
                "characters\\elite\\elite specops\\elite specops needler",
                "characters\\elite\\elite specops\\elite specops plasma rifle",
                "characters\\elite\\elite stealth\\stealth elite major energy sword",
                "characters\\elite\\elite stealth\\stealth elite major plasma rifle",
                "characters\\elite\\elite stealth\\stealth elite plasma rifle"
            ]
        },
        {
            "name": "grunt",
            "position_additive": [0.0, 0.0, 0.0],
            "bounding_box_verts": [
                [-6.921000003814697, -32.9995002746582, 0.0], 
                [-6.921000003814697, -32.9995002746582, 63.498600006103516], 
                [-6.921000003814697, 32.9995002746582, 0.0], 
                [-6.921000003814697, 32.9995002746582, 63.498600006103516], 
                [6.921000003814697, -32.9995002746582, 0.0], 
                [6.921000003814697, -32.9995002746582, 63.498600006103516], 
                [6.921000003814697, 32.9995002746582, 0.0], 
                [6.921000003814697, 32.9995002746582, 63.498600006103516]
            ],
            "bounding_box_polys": [
                [0, 1, 3, 2], 
                [2, 3, 7, 6], 
                [6, 7, 5, 4], 
                [4, 5, 1, 0], 
                [2, 6, 4, 0], 
                [7, 3, 1, 5]
            ],
            "variants": [
                "characters\\grunt\\grunt major needler",
                "characters\\grunt\\grunt major plasma pistol",
                "characters\\grunt\\grunt minor needler",
                "characters\\grunt\\grunt minor plasma pistol",
                "characters\\grunt\\grunt specops fuel rod airdef",
                "characters\\grunt\\grunt specops fuel rod",
                "characters\\grunt\\grunt specops needler"
            ]
        },
        {
            "name": "hunter",
            "position_additive": [0.0, 0.0, 0.0],
            "bounding_box_verts": [
                [-6.921000003814697, -32.9995002746582, 0.0], 
                [-6.921000003814697, -32.9995002746582, 63.498600006103516], 
                [-6.921000003814697, 32.9995002746582, 0.0], 
                [-6.921000003814697, 32.9995002746582, 63.498600006103516], 
                [6.921000003814697, -32.9995002746582, 0.0], 
                [6.921000003814697, -32.9995002746582, 63.498600006103516], 
                [6.921000003814697, 32.9995002746582, 0.0], 
                [6.921000003814697, 32.9995002746582, 63.498600006103516]
            ],
            "bounding_box_polys": [
                [0, 1, 3, 2], 
                [2, 3, 7, 6], 
                [6, 7, 5, 4], 
                [4, 5, 1, 0], 
                [2, 6, 4, 0], 
                [7, 3, 1, 5]
            ],
            "variants": [
                "characters\\hunter\\hunter major",
                "characters\\hunter\\hunter"
            ]
        },
        {
            "name": "jackal",
            "position_additive": [0.0, 0.0, 0.0],